Табельный номер,Фамилия И. О.,Пол,Год рождения,Начало работы (год),Подразделение,Должность,Оклад,Кол-во проектов
1,Э. Г. Буровкин,М,1980,2012,Административный отдел,Деканат,45381,7
2,С. М. Сокортов,М,2001,2016,Научный отдел,Ректорат,45096,2
3,Г. Н. Спиченкова,Ж,1994,2009,Административный отдел,Ректорат,45565,7
4,В. П. Хамутский,М,1987,2019,Обслуживающий персонал,Бухгалтер,45116,6
5,Е. М. Буригина,Ж,1988,2020,Технический отдел,Бухгалтер,45865,3
6,С. М. Хажиева,Ж,1974,2006,Отдел кадров,Деканат,45647,9
7,В. М. Терлеева,Ж,1982,2014,Технический отдел,Юрист,45825,3
8,С. Р. Капашова,Ж,1986,2018,Отдел маркетинга,Преподаватель,45931,5
9,Г. А. Шинелев,М,2006,2021,Отдел кадров,Аспирант,45407,9
10,Д. Т. Пульсов,М,1994,2009,Административный отдел,Юрист,45293,7
11,А. П. Алючаева,Ж,2000,2015,Отдел кадров,Юрист,45503,9
12,К. Э. Завзятова,Ж,1986,2018,Административный отдел,Юрист,45965,7
13,В. Л. Корбина,Ж,1982,2014,Отдел кадров,Аспирант,45519,9
14,В. О. Рассветов,М,1978,2010,Отдел кадров,Преподаватель,45175,9
15,А. М. Мырылева,Ж,1985,2017,Научный отдел,Бухгалтер,45760,2
16,Н. В. Армеев,М,1983,2015,Обслуживающий персонал,Ректорат,45180,6
17,В. Я. Вильдяев,М,1990,2005,Административный отдел,Аспирант,45085,7
18,Е. Ф. Небошина,Ж,1992,2007,Отдел кадров,Аспирант,45631,9
19,А. Б. Нуждинова,Ж,1996,2011,Отдел маркетинга,Аспирант,45771,5
20,Д. Л. Коняев,М,1987,2019,Исследовательский отдел,Бухгалтер,45354,4
21,Д. А. Репневский,М,2003,2018,Исследовательский отдел,Деканат,45234,4
22,П. В. Алушпов,М,2001,2016,Бухгалтерский отдел,Юрист,45062,8
23,Ф. О. Хубларов,М,1977,2009,Исследовательский отдел,Бухгалтер,45242,4
24,В. Б. Кузоватов,М,1983,2015,Научный отдел,Деканат,45248,2
25,Д. А. Ашелькин,М,1975,2007,Бухгалтерский отдел,Ассистент,45478,8
26,Н. В. Тарабукин,М,1980,2012,Отдел кадров,Юрист,45279,9
27,С. Д. Шушковская,Ж,2001,2016,Научный отдел,Преподаватель,45504,2
28,Н. В. Подчапаева,Ж,2000,2015,Отдел кадров,Ректорат,45775,9
29,Д. Т. Винюков,М,1985,2017,Научный отдел,Ректорат,45488,2
30,А. Е. Грицков,М,1989,2021,Обслуживающий персонал,Ассистент,45492,6
31,К. А. Кружилина,Ж,1977,2009,Обслуживающий персонал,Бухгалтер,45956,6
32,С. Н. Латифова,Ж,1989,2021,Обслуживающий персонал,Аспирант,45764,6
33,Г. Э. Франтова,Ж,2006,2021,Отдел кадров,Преподаватель,45679,9
34,А. О. Алина,Ж,1977,2009,Исследовательский отдел,Юрист,45650,4
35,Л. В. Даньшова,Ж,1990,2005,Технический отдел,Аспирант,45561,3
36,З. Н. Форшенева,Ж,1988,2020,Технический отдел,Ректорат,45593,3
37,О. П. Скопцова,Ж,1994,2009,Административный отдел,Аспирант,45701,7
38,Ю. Е. Квицинская,Ж,1973,2005,Исследовательский отдел,Бухгалтер,45578,4
39,Т. В. Биккузина,Ж,2006,2021,Технический отдел,Юрист,45713,3
40,Л. Б. Чухарькова,Ж,1976,2008,Отдел кадров,Ректорат,45887,9
41,К. А. Юртиков,М,1997,2012,Исследовательский отдел,Аспирант,45330,4
42,Е. Л. Андрусский,М,1995,2010,Научный отдел,Преподаватель,45056,2
43,Е. Ф. Красницкая,Ж,1975,2007,Бухгалтерский отдел,Ректорат,45614,8
44,Г. Д. Калицев,М,1996,2011,Технический отдел,Аспирант,45057,3
45,С. В. Овчинина,Ж,1982,2014,Отдел кадров,Бухгалтер,45655,9
46,Л. И. Коханкина,Ж,1981,2013,Исследовательский отдел,Преподаватель,45994,4
47,И. Б. Шоличева,Ж,1978,2010,Административный отдел,Ассистент,45821,7
48,А. В. Шаненкова,Ж,1985,2017,Исследовательский отдел,Бухгалтер,45522,4
49,Г. В. Лотягин,М,1985,2017,Исследовательский отдел,Ректорат,45250,4
50,Т. К. Драничкина,Ж,1982,2014,Административный отдел,Бухгалтер,45893,7
51,А. Е. Авралов,М,1977,2009,Бухгалтерский отдел,Юрист,45174,8
52,В. М. Матцева,Ж,1980,2012,Административный отдел,Ассистент,45653,7
53,С. К. Рухова,Ж,1997,2012,Научный отдел,Деканат,45976,2
54,Л. Р. Ревин,М,1992,2007,Технический отдел,Ассистент,45121,3
55,И. В. Туровцев,М,2002,2017,Отдел кадров,Деканат,45199,9
56,В. В. Кропчина,Ж,1975,2007,Исследовательский отдел,Ассистент,45954,4
57,А. О. Шулятиков,М,1993,2008,Научный отдел,Бухгалтер,45088,2
58,И. Ю. Даньщиков,М,1991,2006,Исследовательский отдел,Юрист,45426,4
59,Д. А. Дробков,М,2000,2015,Отдел маркетинга,Ректорат,45299,5
60,В. К. Родинов,М,1989,2021,Научный отдел,Аспирант,45288,2
61,Л. Э. Макеутова,Ж,1984,2016,Административный отдел,Деканат,45997,7
62,А. Д. Ирин,М,2001,2016,Бухгалтерский отдел,Ректорат,45334,8
63,И. О. Рязапов,М,1987,2019,Обслуживающий персонал,Деканат,45388,6
64,Г. Е. Зиманенков,М,1990,2005,Отдел кадров,Преподаватель,45119,9
65,Г. Н. Кубахов,М,1986,2018,Отдел кадров,Ректорат,45047,9
66,Т. В. Белозубова,Ж,2006,2021,Отдел маркетинга,Ассистент,45611,5
67,Г. К. Трепанин,М,1976,2008,Административный отдел,Бухгалтер,45445,7
68,Е. О. Граненкова,Ж,1993,2008,Исследовательский отдел,Аспирант,45666,4
69,П. В. Шульпенков,М,1980,2012,Отдел кадров,Преподаватель,45007,9
70,Н. Д. Шимагина,Ж,1986,2018,Отдел кадров,Деканат,45591,9
71,В. И. Куртева,Ж,1995,2010,Бухгалтерский отдел,Ректорат,45838,8
72,М. В. Кошаева,Ж,2003,2018,Бухгалтерский отдел,Юрист,45846,8
73,В. С. Солодинкин,М,1996,2011,Отдел кадров,Аспирант,45295,9
74,К. Э. Калупина,Ж,1986,2018,Отдел кадров,Юрист,45727,9
75,Я. Н. Анфилогова,Ж,1973,2005,Обслуживающий персонал,Деканат,45612,6
76,Г. О. Панюшов,М,1978,2010,Административный отдел,Бухгалтер,45277,7
77,В. Н. Игдалов,М,2000,2015,Административный отдел,Ректорат,45061,7
78,В. С. Болжеров,М,2001,2016,Бухгалтерский отдел,Ассистент,45198,8
79,А. Л. Терьянова,Ж,1984,2016,Отдел кадров,Деканат,45759,9
80,Д. В. Минюков,М,1974,2006,Отдел кадров,Бухгалтер,45375,9
81,П. Р. Сентюшкина,Ж,1982,2014,Технический отдел,Ассистент,45961,3
82,Е. Е. Апенышева,Ж,1989,2021,Обслуживающий персонал,Ректорат,45628,6
83,А. К. Добринская,Ж,1984,2016,Отдел маркетинга,Аспирант,45827,5
84,К. Я. Гундарева,Ж,2006,2021,Отдел кадров,Юрист,45951,9
85,В. С. Нурулин,М,2005,2020,Обслуживающий персонал,Аспирант,45372,6
86,И. К. Кульгушкин,М,1998,2013,Отдел маркетинга,Ректорат,45467,5
87,К. А. Сидраков,М,1979,2011,Исследовательский отдел,Деканат,45346,4
88,В. П. Клявочкина,Ж,1987,2019,Бухгалтерский отдел,Бухгалтер,45830,8
89,Е. В. Газова,Ж,1988,2020,Отдел кадров,Ассистент,45695,9
90,Е. А. Брукова,Ж,2002,2017,Отдел маркетинга,Юрист,45811,5
91,Ю. Р. Стуколина,Ж,1998,2013,Отдел маркетинга,Аспирант,45603,5
92,В. П. Захлевская,Ж,1999,2014,Исследовательский отдел,Деканат,45570,4
93,В. И. Фартуков,М,1991,2006,Бухгалтерский отдел,Ректорат,45222,8
94,Я. В. Якутенкова,Ж,1980,2012,Отдел маркетинга,Деканат,45619,5
95,В. К. Круглихина,Ж,1987,2019,Бухгалтерский отдел,Аспирант,45694,8
96,А. В. Кувоева,Ж,2004,2019,Административный отдел,Аспирант,45813,7
97,К. Н. Лапузина,Ж,1985,2017,Бухгалтерский отдел,Аспирант,45862,8
98,П. Т. Левиков,М,1999,2014,Бухгалтерский отдел,Юрист,45230,8
99,А. Б. Келехсаева,Ж,1983,2015,Научный отдел,Аспирант,45792,2
100,Т. Л. Бочугова,Ж,2004,2019,Отдел кадров,Аспирант,45575,9
101,А. В. Бодялкина,Ж,1994,2009,Административный отдел,Бухгалтер,45837,7
102,С. Ю. Казалетов,М,1978,2010,Технический отдел,Ассистент,45345,3
103,Е. Е. Забитова,Ж,1979,2011,Исследовательский отдел,Ректорат,45754,4
104,Я. В. Тумарев,М,1991,2006,Обслуживающий персонал,Ректорат,45460,6
105,А. М. Чуищева,Ж,1990,2005,Технический отдел,Бухгалтер,45697,3
106,П. Л. Купоносова,Ж,1975,2007,Бухгалтерский отдел,Аспирант,45750,8
107,В. Ю. Кирькин,М,1995,2010,Исследовательский отдел,Ректорат,45362,4
108,В. А. Бележкина,Ж,1990,2005,Отдел кадров,Бухгалтер,45935,9
109,И. А. Крохин,М,1979,2011,Исследовательский отдел,Юрист,45482,4
110,П. М. Трусихин,М,1986,2018,Административный отдел,Юрист,45013,7
111,Е. В. Сибирцева,Ж,1998,2013,Административный отдел,Деканат,45773,7
112,В. Ф. Рогушев,М,1982,2014,Отдел маркетинга,Аспирант,45043,5
113,И. В. Мильская,Ж,1976,2008,Административный отдел,Деканат,45717,7
114,Г. Ф. Дядищев,М,1983,2015,Обслуживающий персонал,Аспирант,45316,6
115,А. П. Долгунков,М,1976,2008,Отдел маркетинга,Ректорат,45411,5
116,И. Я. Некрестов,М,2004,2019,Административный отдел,Юрист,45405,7
117,А. Ю. Резепов,М,2003,2018,Бухгалтерский отдел,Ассистент,45030,8
118,Э. Ф. Бикморзин,М,1993,2008,Научный отдел,Преподаватель,45224,2
119,Т. Ф. Румичева,Ж,1977,2009,Бухгалтерский отдел,Преподаватель,45854,8
120,П. В. Чвякин,М,2003,2018,Обслуживающий персонал,Юрист,45132,6
121,Ж. Л. Дворская,Ж,1998,2013,Отдел кадров,Юрист,45671,9
122,Я. А. Соломаткин,М,1995,2010,Обслуживающий персонал,Ректорат,45124,6
123,М. М. Амбуркина,Ж,1979,2011,Научный отдел,Ректорат,45992,2
124,В. Д. Бурышев,М,2005,2020,Обслуживающий персонал,Ассистент,45100,6
125,М. В. Сыродымова,Ж,1980,2012,Технический отдел,Юрист,45993,3
126,В. А. Лобшина,Ж,1999,2014,Бухгалтерский отдел,Бухгалтер,45774,8
127,А. Я. Чунаков,М,1998,2013,Отдел маркетинга,Ассистент,45331,5
128,А. А. Чаднова,Ж,1983,2015,Исследовательский отдел,Деканат,45962,4
129,К. Б. Арабжанова,Ж,2005,2020,Научный отдел,Ассистент,45576,2
130,Я. А. Клетапина,Ж,1976,2008,Административный отдел,Ассистент,45989,7
131,Л. К. Максветова,Ж,1980,2012,Административный отдел,Ректорат,45789,7
132,В. С. Рятов,М,1996,2011,Отдел маркетинга,Ассистент,45499,5
133,А. К. Маркачев,М,1976,2008,Административный отдел,Ректорат,45173,7
134,А. В. Межцева,Ж,1996,2011,Отдел кадров,Преподаватель,45567,9
135,В. К. Колонтаев,М,1983,2015,Бухгалтерский отдел,Аспирант,45078,8
136,Е. Д. Лапеченков,М,1981,2013,Научный отдел,Деканат,45416,2
137,В. Ю. Блехин,М,1984,2016,Отдел маркетинга,Юрист,45419,5
138,А. В. Беренская,Ж,2000,2015,Технический отдел,Ректорат,45537,3
139,К. Н. Челикина,Ж,1973,2005,Исследовательский отдел,Деканат,45850,4
140,К. Ф. Гоелкина,Ж,2006,2021,Административный отдел,Преподаватель,45917,7
141,К. П. Бетеев,М,1988,2020,Технический отдел,Юрист,45321,3
142,А. Р. Румянская,Ж,1998,2013,Технический отдел,Аспирант,45841,3
143,Ж. А. Шепеткова,Ж,2001,2016,Научный отдел,Ассистент,45912,2
144,Д. В. Злакоманов,М,2000,2015,Административный отдел,Преподаватель,45469,7
145,А. А. Курбашова,Ж,1988,2020,Административный отдел,Деканат,45661,7
146,В. Ф. Мужжевлева,Ж,1998,2013,Административный отдел,Юрист,45909,7
147,А. В. Раскатов,М,1978,2010,Технический отдел,Юрист,45209,3
148,К. О. Кукушикина,Ж,1976,2008,Отдел маркетинга,Бухгалтер,45683,5
149,Т. Л. Мнейкина,Ж,1981,2013,Научный отдел,Ректорат,45824,2
150,О. П. Матырская,Ж,1998,2013,Технический отдел,Бухгалтер,45977,3
151,И. О. Киткаев,М,1993,2008,Исследовательский отдел,Ассистент,45394,4
152,А. Е. Ледвянкина,Ж,1990,2005,Административный отдел,Ассистент,45765,7
153,А. Л. Пигаркина,Ж,2002,2017,Административный отдел,Аспирант,45981,7
154,К. Р. Моляева,Ж,1997,2012,Обслуживающий персонал,Ректорат,45908,6
155,А. В. Ходзинский,М,1986,2018,Отдел маркетинга,Юрист,45251,5
156,К. А. Коврижатов,М,1989,2021,Исследовательский отдел,Аспирант,45050,4
157,В. А. Трайнев,М,1986,2018,Административный отдел,Аспирант,45421,7
158,Р. Ю. Золотаев,М,1977,2009,Исследовательский отдел,Аспирант,45106,4
159,Н. И. Вашурина,Ж,1997,2012,Обслуживающий персонал,Ассистент,45772,6
160,Э. Ю. Эссенцев,М,1979,2011,Бухгалтерский отдел,Ректорат,45278,8
161,И. Е. Метряков,М,1981,2013,Обслуживающий персонал,Ассистент,45212,6
162,В. Я. Иткин,М,1997,2012,Бухгалтерский отдел,Преподаватель,45126,8
163,Р. Д. Касперов,М,1981,2013,Научный отдел,Аспирант,45008,2
164,К. В. Пелегина,Ж,1996,2011,Технический отдел,Ректорат,45873,3
165,Д. К. Фейзулова,Ж,1987,2019,Исследовательский отдел,Юрист,45762,4
166,П. А. Посудников,М,1992,2007,Технический отдел,Аспирант,45393,3
167,Д. А. Шемануев,М,1990,2005,Отдел маркетинга,Ректорат,45187,5
168,Л. К. Сипилкин,М,1977,2009,Бухгалтерский отдел,Ассистент,45310,8
169,А. Д. Бегушева,Ж,1985,2017,Обслуживающий персонал,Ректорат,45964,6
170,Г. М. Кремешков,М,1999,2014,Научный отдел,Ассистент,45128,2
171,В. Л. Лельков,М,1997,2012,Научный отдел,Ассистент,45296,2
172,Г. Ю. Сайгалов,М,2005,2020,Исследовательский отдел,Юрист,45202,4
173,М. В. Варганкина,Ж,1983,2015,Исследовательский отдел,Бухгалтер,45690,4
174,А. В. Ахмедиева,Ж,2001,2016,Обслуживающий персонал,Преподаватель,45980,6
175,Э. И. Замайский,М,1978,2010,Отдел кадров,Бухгалтер,45039,9
176,О. Н. Моина,Ж,2003,2018,Научный отдел,Ректорат,45880,2
177,С. А. Пакуева,Ж,1995,2010,Научный отдел,Ректорат,45600,2
178,М. А. Гысева,Ж,1981,2013,Исследовательский отдел,Аспирант,45722,4
179,Д. А. Тевина,Ж,1978,2010,Технический отдел,Бухгалтер,45753,3
180,В. Э. Цивлина,Ж,2004,2019,Отдел маркетинга,Ассистент,45779,5
181,И. П. Тарсунова,Ж,1983,2015,Бухгалтерский отдел,Ассистент,45758,8
182,А. Р. Павлюшина,Ж,2004,2019,Отдел кадров,Преподаватель,45847,9
183,К. В. Пепелева,Ж,1983,2015,Обслуживающий персонал,Деканат,45724,6
184,В. Ф. Асташов,М,2006,2021,Отдел маркетинга,Бухгалтер,45067,5
185,К. В. Любенина,Ж,1998,2013,Отдел маркетинга,Преподаватель,45875,5
186,В. Р. Фафашкин,М,2006,2021,Отдел кадров,Ректорат,45271,9
187,В. А. Шушерина,Ж,1984,2016,Отдел кадров,Преподаватель,45623,9
188,В. А. Ющнов,М,1998,2013,Отдел кадров,Преподаватель,45399,9
189,М. А. Гобашнева,Ж,1996,2011,Отдел маркетинга,Бухгалтер,45907,5
190,К. О. Семилякина,Ж,2004,2019,Отдел маркетинга,Юрист,45643,5
191,И. О. Смолицкий,М,2003,2018,Обслуживающий персонал,Ассистент,45268,6
192,В. В. Пиманова,Ж,1975,2007,Обслуживающий персонал,Юрист,45580,6
193,В. И. Соленов,М,1989,2021,Научный отдел,Ассистент,45016,2
194,Э. Д. Шамонин,М,2003,2018,Бухгалтерский отдел,Аспирант,45302,8
195,В. М. Лишевский,М,1979,2011,Научный отдел,Аспирант,45176,2
196,Д. Я. Дендиева,Ж,1994,2009,Отдел кадров,Деканат,45871,9
197,Ю. В. Каракотина,Ж,1997,2012,Исследовательский отдел,Юрист,45874,4
198,В. П. Чашин,М,1979,2011,Научный отдел,Преподаватель,45448,2
199,К. В. Абдряшева,Ж,1986,2018,Технический отдел,Ассистент,45625,3
200,В. М. Мотыгуллин,М,1978,2010,Административный отдел,Аспирант,45141,7
201,Ф. Д. Пахалуев,М,1987,2019,Бухгалтерский отдел,Юрист,45286,8
202,Л. Д. Скрамтаева,Ж,1978,2010,Технический отдел,Преподаватель,45889,3
203,И. Ф. Кугатова,Ж,1999,2014,Обслуживающий персонал,Ректорат,45740,6
204,Г. Г. Плейкин,М,1996,2011,Технический отдел,Бухгалтер,45193,3
205,П. И. Крупицкий,М,2005,2020,Научный отдел,Бухгалтер,45032,2
206,В. А. Урявина,Ж,2005,2020,Научный отдел,Аспирант,45848,2
207,В. В. Чабриков,М,1998,2013,Административный отдел,Ассистент,45093,7
208,Л. К. Жулинская,Ж,2006,2021,Технический отдел,Ректорат,45985,3
209,Е. Э. Алубина,Ж,1973,2005,Бухгалтерский отдел,Аспирант,45918,8
210,Г. А. Стечкин,М,1984,2016,Отдел кадров,Ректорат,45215,9
211,К. А. Кашлинов,М,2002,2017,Отдел маркетинга,Бухгалтер,45403,5
212,Г. К. Юдинцев,М,1996,2011,Отдел кадров,Ассистент,45023,9
213,С. В. Шклинский,М,1987,2019,Бухгалтерский отдел,Преподаватель,45014,8
214,З. О. Минушова,Ж,1983,2015,Обслуживающий персонал,Преподаватель,45588,6
215,А. А. Сайфиева,Ж,1996,2011,Административный отдел,Бухгалтер,45669,7
216,К. Д. Зиханова,Ж,2005,2020,Обслуживающий персонал,Преподаватель,45644,6
217,А. И. Тугаева,Ж,1981,2013,Исследовательский отдел,Бухгалтер,45858,4
218,Е. К. Шенгалева,Ж,1980,2012,Отдел кадров,Ректорат,45551,9
219,Н. П. Телькушев,М,1984,2016,Административный отдел,Ассистент,45317,7
220,И. К. Посин,М,1976,2008,Отдел кадров,Деканат,45479,9
221,М. Ф. Бульгин,М,2005,2020,Обслуживающий персонал,Ректорат,45236,6
222,В. М. Заплавнов,М,1983,2015,Исследовательский отдел,Ректорат,45418,4
223,Е. Р. Тумарева,Ж,1980,2012,Технический отдел,Бухгалтер,45585,3
224,Е. В. Верхашов,М,1977,2009,Обслуживающий персонал,Юрист,45412,6
225,И. П. Кирюхчев,М,1974,2006,Отдел маркетинга,Ассистент,45443,5
226,В. И. Стифутина,Ж,1986,2018,Административный отдел,Бухгалтер,45557,7
227,А. С. Крысанов,М,1989,2021,Научный отдел,Ректорат,45152,2
228,К. Р. Гочеганова,Ж,1977,2009,Бухгалтерский отдел,Аспирант,45582,8
229,Е. Я. Очагов,М,1988,2020,Отдел кадров,Деканат,45423,9
230,С. В. Сеняхина,Ж,1976,2008,Отдел маркетинга,Деканат,45955,5
231,С. Н. Почтенных,М,1999,2014,Исследовательский отдел,Аспирант,45162,4
232,Н. Л. Нарубов,М,1973,2005,Обслуживающий персонал,Бухгалтер,45340,6
233,В. Н. Колканов,М,1974,2006,Технический отдел,Деканат,45409,3
234,И. В. Андряшкин,М,1994,2009,Отдел маркетинга,Бухгалтер,45123,5
235,К. Б. Марышева,Ж,2005,2020,Бухгалтерский отдел,Ректорат,45950,8
236,И. А. Маричева,Ж,2004,2019,Технический отдел,Юрист,45881,3
237,Н. М. Селиткова,Ж,1985,2017,Исследовательский отдел,Преподаватель,45658,4
238,А. В. Падерин,М,1981,2013,Бухгалтерский отдел,Аспирант,45246,8
239,Я. В. Жуховицкий,М,1977,2009,Обслуживающий персонал,Деканат,45276,6
240,В. С. Заменкин,М,1989,2021,Обслуживающий персонал,Юрист,45356,6
241,Р. Э. Зурова,Ж,1974,2006,Технический отдел,Ассистент,45681,3
242,В. А. Чапчахов,М,1986,2018,Технический отдел,Деканат,45353,3
243,Э. А. Коришков,М,1983,2015,Исследовательский отдел,Ассистент,45282,4
244,А. М. Каймасова,Ж,1983,2015,Научный отдел,Ассистент,45520,2
245,Ж. М. Здерева,Ж,1996,2011,Отдел маркетинга,Ректорат,45635,5
246,В. Ю. Головатых,М,1997,2012,Исследовательский отдел,Ассистент,45058,4
247,А. А. Ахмяров,М,1982,2014,Отдел кадров,Ассистент,45247,9
248,Д. Р. Богреева,Ж,1982,2014,Административный отдел,Ректорат,45621,7
249,О. Д. Алексашкин,М,1985,2017,Научный отдел,Ассистент,45352,2
250,Г. А. Хабалова,Ж,1973,2005,Научный отдел,Бухгалтер,45816,2
251,А. Д. Вахрамуев,М,1979,2011,Исследовательский отдел,Бухгалтер,45074,4
252,А. П. Юхацкова,Ж,1987,2019,Обслуживающий персонал,Юрист,45524,6
253,И. М. Грабуздов,М,1989,2021,Бухгалтерский отдел,Юрист,45118,8
254,К. Э. Модлина,Ж,1990,2005,Технический отдел,Деканат,45969,3
255,В. И. Бобовников,М,1982,2014,Административный отдел,Ассистент,45485,7
256,В. А. Запьянцев,М,1996,2011,Отдел кадров,Бухгалтер,45431,9
257,В. М. Секамов,М,1988,2020,Отдел маркетинга,Юрист,45083,5
258,М. Д. Чумарина,Ж,1998,2013,Технический отдел,Ассистент,45569,3
259,Я. М. Ботюков,М,1977,2009,Бухгалтерский отдел,Деканат,45038,8
260,К. Я. Горячова,Ж,2001,2016,Исследовательский отдел,Аспирант,45946,4
261,Т. Ф. Гуменцова,Ж,1990,2005,Технический отдел,Преподаватель,45833,3
262,К. С. Ошевенская,Ж,1998,2013,Отдел кадров,Ректорат,45943,9
263,К. Е. Ярмонова,Ж,1996,2011,Отдел кадров,Деканат,45703,9
264,Э. Я. Тельгузов,М,1990,2005,Технический отдел,Юрист,45153,3
265,Р. Я. Желуханова,Ж,1987,2019,Обслуживающий персонал,Ассистент,45660,6
266,А. А. Усятинский,М,1989,2021,Бухгалтерский отдел,Ассистент,45254,8
267,В. Ф. Хадиаров,М,1985,2017,Бухгалтерский отдел,Деканат,45318,8
268,А. Ю. Шадровский,М,1981,2013,Обслуживающий персонал,Ректорат,45348,6
269,П. Р. Сыряева,Ж,1982,2014,Отдел кадров,Деканат,45927,9
270,Е. Б. Поликашева,Ж,1990,2005,Отдел маркетинга,Деканат,45731,5
271,К. Н. Корогева,Ж,1994,2009,Отдел маркетинга,Аспирант,45939,5
272,Н. Д. Чепарьков,М,1983,2015,Бухгалтерский отдел,Преподаватель,45350,8
273,Л. М. Горюнова,Ж,1979,2011,Исследовательский отдел,Аспирант,45890,4
274,К. П. Комстачева,Ж,2006,2021,Технический отдел,Деканат,45577,3
275,В. А. Керчевская,Ж,1995,2010,Исследовательский отдел,Преподаватель,45770,4
276,А. А. Басурманов,М,1990,2005,Отдел маркетинга,Бухгалтер,45459,5
277,А. В. Лагдышева,Ж,2006,2021,Отдел маркетинга,Ректорат,45747,5
278,Н. П. Хорькова,Ж,1985,2017,Обслуживающий персонал,Деканат,45556,6
279,Р. А. Казютов,М,1987,2019,Бухгалтерский отдел,Ассистент,45422,8
280,К. И. Леонцева,Ж,1982,2014,Отдел маркетинга,Ассистент,45723,5
281,В. В. Панихин,М,1977,2009,Научный отдел,Аспирант,45344,2
282,С. С. Цыгарин,М,2004,2019,Административный отдел,Деканат,45269,7
283,Л. Я. Чуверова,Ж,1981,2013,Научный отдел,Ассистент,45688,2
284,В. П. Салычева,Ж,1995,2010,Бухгалтерский отдел,Аспирант,45974,8
285,С. Д. Щекотихин,М,1997,2012,Научный отдел,Юрист,45160,2
286,И. В. Сунцев,М,1993,2008,Бухгалтерский отдел,Аспирант,45190,8
287,А. М. Ганюшин,М,2004,2019,Технический отдел,Ректорат,45201,3
288,Я. А. Красуский,М,1998,2013,Отдел кадров,Аспирант,45127,9
289,Н. В. Роховецкий,М,2000,2015,Технический отдел,Ассистент,45401,3
290,Е. Л. Зенюрова,Ж,1989,2021,Научный отдел,Ассистент,45968,2
291,К. П. Гюлева,Ж,1988,2020,Технический отдел,Аспирант,45729,3
292,Е. В. Кобзырева,Ж,1999,2014,Бухгалтерский отдел,Ректорат,45502,8
293,К. Ф. Блощицина,Ж,2001,2016,Обслуживающий персонал,Бухгалтер,45844,6
294,А. Д. Гобашиев,М,1997,2012,Обслуживающий персонал,Бухгалтер,45228,6
295,Ю. В. Почминская,Ж,2006,2021,Административный отдел,Ректорат,45509,7
296,Г. К. Коласкова,Ж,1991,2006,Исследовательский отдел,Ректорат,45698,4
297,И. Ю. Писеуков,М,2001,2016,Обслуживающий персонал,Деканат,45164,6
298,А. О. Дрезнина,Ж,1987,2019,Обслуживающий персонал,Аспирант,45932,6
299,Р. Л. Увыров,М,2001,2016,Исследовательский отдел,Деканат,45402,4
300,В. М. Чибринев,М,2005,2020,Научный отдел,Деканат,45304,2
301,Ж. И. Ботнева,Ж,2000,2015,Отдел кадров,Ассистент,45639,9
302,К. И. Борданова,Ж,1978,2010,Отдел маркетинга,Юрист,45923,5
303,А. А. Пикаев,М,1981,2013,Исследовательский отдел,Ассистент,45450,4
304,И. Ф. Потрясаева,Ж,1987,2019,Бухгалтерский отдел,Ректорат,45558,8
305,Р. А. Зеленнов,М,2005,2020,Бухгалтерский отдел,Бухгалтер,45270,8
306,Ю. В. Киушкина,Ж,1982,2014,Административный отдел,Аспирант,45757,7
307,О. К. Дебрусина,Ж,1976,2008,Технический отдел,Бухгалтер,45921,3
308,А. Б. Хозевитов,М,1984,2016,Отдел кадров,Ассистент,45079,9
309,М. Ю. Кабашин,М,1987,2019,Научный отдел,Аспирант,45456,2
310,Т. В. Трофимкин,М,1992,2007,Административный отдел,Преподаватель,45189,7
311,В. А. Дроновский,М,1999,2014,Исследовательский отдел,Ректорат,45026,4
312,А. Г. Мугин,М,2005,2020,Научный отдел,Преподаватель,45168,2
313,В. И. Калыхалов,М,1986,2018,Отдел маркетинга,Деканат,45115,5
314,И. А. Ремова,Ж,1993,2008,Исследовательский отдел,Ректорат,45530,4
315,А. Д. Щербовский,М,1982,2014,Технический отдел,Аспирант,45281,3
316,К. В. Полункова,Ж,1997,2012,Исследовательский отдел,Преподаватель,45602,4
317,Ю. Я. Тананыкина,Ж,1996,2011,Технический отдел,Юрист,45601,3
318,Н. П. Драняева,Ж,1999,2014,Научный отдел,Преподаватель,45672,2
319,Г. В. Барабашов,М,2006,2021,Административный отдел,Юрист,45237,7
320,В. С. Волконин,М,1973,2005,Исследовательский отдел,Аспирант,45442,4
321,Д. В. Гиндикин,М,1993,2008,Научный отдел,Деканат,45360,2
322,Е. В. Анцышкина,Ж,1979,2011,Обслуживающий персонал,Ректорат,45516,6
323,Г. Н. Беличков,М,1995,2010,Научный отдел,Деканат,45192,2
324,М. В. Маралин,М,1994,2009,Технический отдел,Аспирант,45225,3
325,А. Е. Хлопешина,Ж,1974,2006,Административный отдел,Преподаватель,45749,7
326,П. А. Акушина,Ж,2006,2021,Технический отдел,Ассистент,45849,3
327,В. В. Мингозова,Ж,1974,2006,Отдел маркетинга,Аспирант,45715,5
328,В. Д. Мозгунов,М,1984,2016,Технический отдел,Преподаватель,45385,3
329,А. Р. Маурычев,М,1979,2011,Обслуживающий персонал,Ассистент,45380,6
330,В. И. Дворяшин,М,1975,2007,Бухгалтерский отдел,Юрист,45342,8
331,Е. Б. Скакалина,Ж,2000,2015,Административный отдел,Юрист,45741,7
332,К. Т. Лупилов,М,1978,2010,Отдел маркетинга,Ассистент,45107,5
333,С. Э. Фуфыгина,Ж,1991,2006,Исследовательский отдел,Ассистент,45562,4
334,Л. М. Курменев,М,1981,2013,Обслуживающий персонал,Аспирант,45484,6
335,Я. А. Апошкина,Ж,1992,2007,Технический отдел,Юрист,45937,3
336,И. Д. Чекмаева,Ж,1991,2006,Исследовательский отдел,Аспирант,45834,4
337,А. М. Коваленков,М,1980,2012,Технический отдел,Ректорат,45313,3
338,А. И. Митлицкая,Ж,2001,2016,Научный отдел,Юрист,45776,2
339,В. П. Решетников,М,1976,2008,Отдел кадров,Аспирант,45071,9
340,О. В. Золыгина,Ж,1992,2007,Административный отдел,Аспирант,45869,7
341,И. П. Болошова,Ж,2004,2019,Административный отдел,Ассистент,45541,7
342,В. В. Хокимов,М,1989,2021,Обслуживающий персонал,Деканат,45220,6
343,Л. Р. Козылькова,Ж,2003,2018,Бухгалтерский отдел,Деканат,45710,8
344,В. К. Миннибуев,М,1988,2020,Отдел кадров,Аспирант,45015,9
345,Г. Ю. Нурлыкаев,М,1978,2010,Технический отдел,Ректорат,45481,3
346,К. Н. Пучкова,Ж,1999,2014,Бухгалтерский отдел,Аспирант,45638,8
347,Ф. В. Шовхаев,М,1999,2014,Бухгалтерский отдел,Деканат,45094,8
348,Р. Н. Семирадова,Ж,1975,2007,Обслуживающий персонал,Аспирант,45988,6
349,В. Л. Зачкина,Ж,2000,2015,Отдел маркетинга,Преподаватель,45707,5
350,М. Б. Барятина,Ж,1997,2012,Бухгалтерский отдел,Ректорат,45670,8
351,Е. В. Пысенкова,Ж,1994,2009,Технический отдел,Деканат,45633,3
352,К. Л. Зиняев,М,1974,2006,Отдел маркетинга,Преподаватель,45035,5
353,В. Б. Индрупский,М,1996,2011,Технический отдел,Преподаватель,45329,3
354,М. Я. Легчилина,Ж,1994,2009,Отдел маркетинга,Юрист,45531,5
355,Г. Я. Оспишева,Ж,2002,2017,Отдел кадров,Бухгалтер,45879,9
356,Н. С. Замгалин,М,1976,2008,Отдел маркетинга,Юрист,45139,5
357,И. П. Шекшеев,М,1977,2009,Обслуживающий персонал,Преподаватель,45140,6
358,К. А. Ряброва,Ж,1978,2010,Отдел кадров,Аспирант,45855,9
359,Г. В. Тадосов,М,1979,2011,Обслуживающий персонал,Деканат,45108,6
360,Л. М. Аганесова,Ж,1980,2012,Технический отдел,Деканат,45857,3
361,Г. Р. Гайдин,М,1983,2015,Бухгалтерский отдел,Бухгалтер,45214,8
362,П. Т. Коприков,М,1992,2007,Отдел маркетинга,Ректорат,45019,5
363,О. А. Луквенова,Ж,1999,2014,Исследовательский отдел,Ректорат,45978,4
364,В. Л. Бортнева,Ж,1996,2011,Административный отдел,Аспирант,45533,7
365,О. Р. Надвикова,Ж,2003,2018,Обслуживающий персонал,Бухгалтер,45676,6
366,А. Е. Долынин,М,1978,2010,Отдел маркетинга,Ректорат,45243,5
367,А. Д. Калакуцкий,М,1995,2010,Бухгалтерский отдел,Преподаватель,45294,8
368,А. К. Каратов,М,2000,2015,Административный отдел,Бухгалтер,45333,7
369,А. А. Шапиев,М,1996,2011,Административный отдел,Юрист,45125,7
370,А. С. Зимкина,Ж,1985,2017,Научный отдел,Преподаватель,45896,2
371,А. В. Цориев,М,1993,2008,Бухгалтерский отдел,Бухгалтер,45326,8
372,В. Я. Санрыкин,М,1986,2018,Технический отдел,Бухгалтер,45081,3
373,В. Е. Сечина,Ж,1981,2013,Обслуживающий персонал,Преподаватель,45756,6
374,Р. В. Рыжнина,Ж,1977,2009,Обслуживающий персонал,Аспирант,45820,6
375,К. Е. Маслинкова,Ж,1988,2020,Административный отдел,Преподаватель,45525,7
376,В. К. Довжикова,Ж,2004,2019,Отдел кадров,Бухгалтер,45711,9
377,А. А. Лычатин,М,1973,2005,Бухгалтерский отдел,Преподаватель,45238,8
378,А. Н. Споршева,Ж,1981,2013,Бухгалтерский отдел,Преподаватель,45518,8
379,Л. Ю. Лапчинский,М,1978,2010,Административный отдел,Преподаватель,45413,7
380,Л. П. Горобцов,М,1988,2020,Отдел маркетинга,Аспирант,45491,5
381,М. П. Спендиаров,М,1995,2010,Обслуживающий персонал,Аспирант,45260,6
382,В. Д. Радынова,Ж,1987,2019,Научный отдел,Деканат,45864,2
383,В. А. Емелечкин,М,1985,2017,Обслуживающий персонал,Бухгалтер,45284,6
384,А. К. Загуляева,Ж,1984,2016,Отдел маркетинга,Бухгалтер,45963,5
385,Ж. Д. Хабургаева,Ж,2004,2019,Технический отдел,Деканат,45745,3
386,Г. Д. Рыгалов,М,1982,2014,Технический отдел,Ректорат,45145,3
387,К. М. Абруков,М,1989,2021,Исследовательский отдел,Деканат,45458,4
388,К. В. Погонин,М,1987,2019,Бухгалтерский отдел,Деканат,45150,8
389,В. А. Щейдин,М,2002,2017,Отдел кадров,Юрист,45335,9
390,К. П. Балянская,Ж,1982,2014,Технический отдел,Деканат,45689,3
391,А. Е. Тамарина,Ж,2002,2017,Отдел кадров,Ректорат,45607,9
392,Б. Г. Светинский,М,1998,2013,Отдел маркетинга,Деканат,45059,5
393,Е. В. Ивашенцева,Ж,1973,2005,Исследовательский отдел,Преподаватель,45714,4
394,И. М. Ханбжов,М,1995,2010,Обслуживающий персонал,Бухгалтер,45396,6
395,В. Ф. Свириков,М,1997,2012,Научный отдел,Ректорат,45432,2
396,В. В. Базамова,Ж,2002,2017,Административный отдел,Ассистент,45709,7
397,А. В. Патутин,М,2005,2020,Научный отдел,Юрист,45440,2
398,И. Б. Тринкина,Ж,1991,2006,Научный отдел,Юрист,45664,2
399,А. П. Рытухина,Ж,1997,2012,Бухгалтерский отдел,Ассистент,45534,8
400,В. П. Хонютин,М,1981,2013,Обслуживающий персонал,Юрист,45076,6
401,И. Н. Дукарская,Ж,2004,2019,Отдел кадров,Деканат,45983,9
402,Д. А. Кумров,М,2006,2021,Технический отдел,Бухгалтер,45305,3
403,П. Р. Нарбаев,М,1999,2014,Исследовательский отдел,Преподаватель,45434,4
404,Р. Р. Колитов,М,1975,2007,Научный отдел,Ректорат,45376,2
405,К. О. Иполитова,Ж,2002,2017,Технический отдел,Бухгалтер,45641,3
406,М. Р. Вересов,М,1982,2014,Технический отдел,Бухгалтер,45417,3
407,В. Е. Кормышев,М,1990,2005,Технический отдел,Ассистент,45289,3
408,В. К. Хуслинов,М,1986,2018,Отдел маркетинга,Ассистент,45387,5
409,Г. О. Айдин,М,1994,2009,Отдел кадров,Ректорат,45327,9
410,К. Н. Вислоусова,Ж,1997,2012,Научный отдел,Бухгалтер,45704,2
411,И. Я. Салтусов,М,1973,2005,Обслуживающий персонал,Аспирант,45204,6
412,П. А. Комчатов,М,1974,2006,Технический отдел,Аспирант,45001,3
413,И. Н. Аюкова,Ж,1973,2005,Бухгалтерский отдел,Ректорат,45782,8
414,К. Б. Пруглова,Ж,1975,2007,Исследовательский отдел,Юрист,45818,4
415,М. А. Лазаричев,М,1986,2018,Технический отдел,Юрист,45489,3
416,Л. Н. Мрыхина,Ж,1979,2011,Обслуживающий персонал,Преподаватель,45924,6
417,К. Н. Фамочкина,Ж,2002,2017,Технический отдел,Деканат,45913,3
418,Я. Г. Балоцкий,М,2000,2015,Технический отдел,Юрист,45265,3
419,А. В. Тукбачев,М,1974,2006,Административный отдел,Ассистент,45205,7
420,Г. Л. Акина,Ж,1992,2007,Административный отдел,Ассистент,45597,7
421,М. А. Добржицкая,Ж,1989,2021,Бухгалтерский отдел,Деканат,45934,8
422,Т. Р. Голендеров,М,1992,2007,Отдел маркетинга,Бухгалтер,45291,5
423,С. М. Кидов,М,1973,2005,Исследовательский отдел,Юрист,45034,4
424,К. Э. Наврозова,Ж,1979,2011,Научный отдел,Ассистент,45856,2
425,А. М. Белохонов,М,1992,2007,Отдел маркетинга,Аспирант,45155,5
426,Р. А. Навыжский,М,1981,2013,Бухгалтерский отдел,Бухгалтер,45382,8
427,С. М. Паникаров,М,1980,2012,Административный отдел,Преподаватель,45245,7
428,О. Я. Клецких,М,1997,2012,Обслуживающий персонал,Аспирант,45092,6
429,В. О. Фейзуханов,М,1995,2010,Исследовательский отдел,Аспирант,45498,4
430,Р. К. Лапчевский,М,1999,2014,Обслуживающий персонал,Бухгалтер,45060,6
431,Е. Е. Понурина,Ж,2005,2020,Обслуживающий персонал,Бухгалтер,45508,6
432,А. Ю. Цхурбаев,М,1994,2009,Административный отдел,Ассистент,45429,7
433,М. Я. Солопов,М,1973,2005,Научный отдел,Ассистент,45408,2
434,П. Д. Авсаапогов,М,1973,2005,Исследовательский отдел,Ректорат,45306,4
435,Ж. Б. Хубларова,Ж,2000,2015,Отдел маркетинга,Юрист,45979,5
436,О. Б. Чайникова,Ж,1978,2010,Отдел маркетинга,Деканат,45787,5
437,Г. Я. Флеготова,Ж,1981,2013,Исследовательский отдел,Ректорат,45586,4
438,Д. А. Пролеткин,М,1982,2014,Отдел маркетинга,Преподаватель,45315,5
439,К. В. Паровина,Ж,2002,2017,Отдел маркетинга,Преподаватель,45539,5
440,М. В. Шараевский,М,1983,2015,Научный отдел,Преподаватель,45112,2
441,Е. М. Чиграков,М,1974,2006,Отдел кадров,Ректорат,45103,9
442,Н. Ф. Чаченкова,Ж,1989,2021,Исследовательский отдел,Ассистент,45730,4
443,В. В. Недосехин,М,1984,2016,Административный отдел,Юрист,45181,7
444,П. Р. Колемагин,М,1978,2010,Отдел маркетинга,Аспирант,45379,5
445,Г. Д. Челякова,Ж,1973,2005,Бухгалтерский отдел,Юрист,45510,8
446,Р. Е. Ливашкина,Ж,1999,2014,Научный отдел,Бухгалтер,45536,2
447,Н. В. Закорецкий,М,1975,2007,Научный отдел,Юрист,45104,2
448,Л. Р. Титрова,Ж,1974,2006,Технический отдел,Юрист,45545,3
449,А. И. Сажелкин,М,1975,2007,Исследовательский отдел,Ассистент,45002,4
450,М. С. Дранов,М,1999,2014,Обслуживающий персонал,Юрист,45468,6
451,А. Р. Папивин,М,2000,2015,Административный отдел,Аспирант,45197,7
452,Я. И. Конойлев,М,1984,2016,Отдел маркетинга,Деканат,45283,5
453,Е. Э. Паршева,Ж,1998,2013,Отдел маркетинга,Бухгалтер,45739,5
454,К. В. Полодова,Ж,1975,2007,Обслуживающий персонал,Ректорат,45852,6
455,Т. О. Циникова,Ж,1974,2006,Отдел кадров,Преподаватель,45511,9
456,В. О. Догадова,Ж,2003,2018,Бухгалтерский отдел,Ассистент,45982,8
457,Д. А. Шамухин,М,2001,2016,Научный отдел,Бухгалтер,45368,2
458,К. Ф. Метянина,Ж,1994,2009,Административный отдел,Преподаватель,45973,7
459,В. В. Чабарин,М,1990,2005,Технический отдел,Ректорат,45425,3
460,М. Н. Рожилкова,Ж,1992,2007,Административный отдел,Ректорат,45733,7
461,А. Т. Расшивкин,М,1981,2013,Исследовательский отдел,Юрист,45314,4
462,С. Б. Слугин,М,1989,2021,Научный отдел,Бухгалтер,45424,2
463,М. В. Женева,Ж,1986,2018,Отдел кадров,Ассистент,45863,9
464,А. А. Ижокин,М,1990,2005,Отдел кадров,Юрист,45391,9
465,П. П. Щеманова,Ж,1978,2010,Отдел маркетинга,Преподаватель,45651,5
466,М. Н. Висаргова,Ж,1993,2008,Бухгалтерский отдел,Деканат,45598,8
467,В. П. Тюхтенков,М,1982,2014,Административный отдел,Юрист,45349,7
468,В. В. Каржавых,Ж,1975,2007,Научный отдел,Аспирант,45512,2
469,Е. Ф. Атавина,Ж,1995,2010,Научный отдел,Бухгалтер,45872,2
470,К. Я. Абаськина,Ж,1998,2013,Отдел кадров,Ассистент,45807,9
471,В. Б. Верлина,Ж,1995,2010,Исследовательский отдел,Деканат,45906,4
472,А. А. Сутоцкий,М,1986,2018,Административный отдел,Ассистент,45149,7
473,Г. Д. Исрапилов,М,1980,2012,Отдел кадров,Ассистент,45415,9
474,Е. П. Питюнова,Ж,1980,2012,Административный отдел,Аспирант,45925,7
475,Г. А. Збруцкий,М,1991,2006,Бухгалтерский отдел,Бухгалтер,45494,8
476,А. А. Педанова,Ж,2001,2016,Исследовательский отдел,Ассистент,45674,4
477,Г. Д. Балаганов,М,2006,2021,Технический отдел,Ректорат,45033,3
478,Н. И. Юсипов,М,2005,2020,Исследовательский отдел,Ректорат,45474,4
479,А. Н. Паушкина,Ж,1991,2006,Научный отдел,Деканат,45528,2
480,В. В. Проконьев,М,1987,2019,Научный отдел,Ректорат,45320,2
481,В. В. Магин,М,1999,2014,Обслуживающий персонал,Деканат,45332,6
482,К. Ф. Пешхоева,Ж,1984,2016,Отдел маркетинга,Ректорат,45691,5
483,В. Н. Роднушкина,Ж,1979,2011,Научный отдел,Юрист,45720,2
484,Т. В. Муртизаева,Ж,1982,2014,Отдел маркетинга,Аспирант,45995,5
485,П. И. Кыртиков,М,1976,2008,Отдел маркетинга,Ассистент,45275,5
486,Я. И. Дадастанов,М,1998,2013,Технический отдел,Бухгалтер,45025,3
487,В. Т. Зазыкин,М,1974,2006,Технический отдел,Преподаватель,45273,3
488,Я. Ф. Баутин,М,2006,2021,Отдел кадров,Ассистент,45135,9
489,В. А. Чиханин,М,2001,2016,Бухгалтерский отдел,Аспирант,45470,8
490,А. Л. Горделев,М,1982,2014,Отдел кадров,Юрист,45111,9
491,Д. Н. Янгутов,М,1974,2006,Административный отдел,Ректорат,45341,7
492,П. Е. Ларихин,М,1996,2011,Отдел кадров,Ректорат,45159,9
493,Н. С. Боровихина,Ж,1978,2010,Административный отдел,Деканат,45549,7
494,В. Е. Гришина,Ж,1978,2010,Технический отдел,Аспирант,45617,3
495,Э. К. Патухов,М,1995,2010,Научный отдел,Юрист,45328,2
496,Н. В. Бланникова,Ж,1993,2008,Бухгалтерский отдел,Ассистент,45870,8
497,В. В. Шулятиков,М,1977,2009,Исследовательский отдел,Преподаватель,45378,4
498,Я. В. Фоканов,М,2003,2018,Научный отдел,Преподаватель,45336,2
499,А. П. Шторова,Ж,1999,2014,Научный отдел,Юрист,45944,2
500,Я. С. Коповалов,М,1975,2007,Исследовательский отдел,Аспирант,45274,4
501,А. Д. Камырин,М,1974,2006,Отдел маркетинга,Деканат,45171,5
502,Р. Л. Миримский,М,1979,2011,Обслуживающий персонал,Юрист,45244,6
503,А. П. Чашкова,Ж,1980,2012,Отдел маркетинга,Юрист,45755,5
504,К. А. Рюмкина,Ж,2003,2018,Исследовательский отдел,Ассистент,45506,4
505,С. Е. Гурентьев,М,1975,2007,Бухгалтерский отдел,Преподаватель,45070,8
506,А. Б. Церкова,Ж,1974,2006,Отдел маркетинга,Ректорат,45579,5
507,В. Д. Бендов,М,2004,2019,Отдел кадров,Деканат,45031,9
508,Г. Р. Подузов,М,1978,2010,Отдел кадров,Деканат,45311,9
509,К. И. Кашекова,Ж,1994,2009,Отдел кадров,Бухгалтер,45599,9
510,К. Я. Юхимова,Ж,1995,2010,Обслуживающий персонал,Деканат,45668,6
511,К. А. Пименов,М,1993,2008,Бухгалтерский отдел,Ректорат,45054,8
512,В. Ф. Андрончева,Ж,1997,2012,Научный отдел,Преподаватель,45840,2
513,Ю. А. Тимошов,М,1975,2007,Обслуживающий персонал,Деканат,45444,6
514,Ю. Д. Чувирин,М,1980,2012,Отдел маркетинга,Аспирант,45211,5
515,К. И. Батяев,М,1987,2019,Исследовательский отдел,Аспирант,45218,4
516,Л. Э. Дакина,Ж,2005,2020,Научный отдел,Бухгалтер,45984,2
517,К. Я. Конюзова,Ж,1997,2012,Исследовательский отдел,Деканат,45738,4
518,И. А. Бабиев,М,1995,2010,Бухгалтерский отдел,Аспирант,45022,8
519,О. Я. Шагидуллин,М,1994,2009,Отдел кадров,Аспирант,45463,9
520,Р. А. Тимухина,Ж,1974,2006,Отдел маркетинга,Преподаватель,45987,5
521,К. Г. Папаков,М,1990,2005,Отдел кадров,Деканат,45255,9
522,А. В. Лопаков,М,1993,2008,Исследовательский отдел,Деканат,45122,4
523,П. В. Шахвамов,М,2003,2018,Научный отдел,Бухгалтер,45200,2
524,А. А. Трясенков,М,1988,2020,Административный отдел,Бухгалтер,45389,7
525,Е. А. Геранкина,Ж,1982,2014,Отдел маркетинга,Юрист,45587,5
526,А. В. Монтрова,Ж,1987,2019,Обслуживающий персонал,Ректорат,45796,6
527,А. Б. Лихтин,М,1997,2012,Исследовательский отдел,Ректорат,45194,4
528,А. Г. Загрядский,М,1990,2005,Отдел маркетинга,Аспирант,45323,5
529,Г. И. Трилецкий,М,1984,2016,Административный отдел,Деканат,45045,7
530,А. М. Валлиуллин,М,1981,2013,Бухгалтерский отдел,Ректорат,45110,8
531,Н. Ф. Трунчева,Ж,1985,2017,Бухгалтерский отдел,Ассистент,45590,8
532,П. Л. Баханская,Ж,1973,2005,Научный отдел,Преподаватель,45952,2
533,Р. П. Дуненков,М,1992,2007,Административный отдел,Бухгалтер,45053,7
534,Э. М. Вертаков,М,1981,2013,Исследовательский отдел,Преподаватель,45042,4
535,С. П. Альметова,Ж,1982,2014,Отдел маркетинга,Ректорат,45859,5
536,М. В. Теребкова,Ж,1980,2012,Отдел маркетинга,Ассистент,45891,5
537,М. Н. Холаева,Ж,1993,2008,Обслуживающий персонал,Преподаватель,45700,6
538,О. А. Куреков,М,1988,2020,Технический отдел,Преподаватель,45049,3
539,О. М. Пшенников,М,1975,2007,Исследовательский отдел,Бухгалтер,45410,4
540,П. Я. Миренова,Ж,1992,2007,Отдел кадров,Бухгалтер,45767,9
541,А. Р. Чечегова,Ж,1991,2006,Обслуживающий персонал,Преподаватель,45868,6
542,К. М. Светычева,Ж,2006,2021,Отдел кадров,Бухгалтер,45543,9
543,Л. В. Авграшина,Ж,1977,2009,Обслуживающий персонал,Ректорат,45684,6
544,Н. В. Шатырев,М,1980,2012,Отдел маркетинга,Преподаватель,45483,5
545,М. Н. Бетлева,Ж,1973,2005,Бухгалтерский отдел,Ассистент,45646,8
546,К. Я. Кровякова,Ж,1983,2015,Научный отдел,Ректорат,45656,2
547,В. Н. Курилкин,М,1980,2012,Технический отдел,Ассистент,45177,3
548,Р. П. Кораблев,М,1991,2006,Обслуживающий персонал,Ассистент,45324,6
549,А. К. Вилюков,М,2001,2016,Обслуживающий персонал,Ассистент,45436,6
550,Н. Ю. Чулгаев,М,1974,2006,Административный отдел,Юрист,45069,7
551,К. А. Казилин,М,1994,2009,Отдел кадров,Ассистент,45191,9
552,Л. Э. Одлина,Ж,1992,2007,Технический отдел,Бухгалтер,45529,3
553,О. М. Байкузина,Ж,1980,2012,Отдел кадров,Бухгалтер,45823,9
554,Я. Т. Мисхейкин,М,2006,2021,Отдел маркетинга,Деканат,45339,5
555,Т. Л. Подколозин,М,1979,2011,Бухгалтерский отдел,Юрист,45006,8
556,О. Э. Мизецкая,Ж,1999,2014,Бухгалтерский отдел,Преподаватель,45910,8
557,С. Ф. Креслин,М,1973,2005,Бухгалтерский отдел,Бухгалтер,45102,8
558,И. Б. Заварнова,Ж,1995,2010,Обслуживающий персонал,Юрист,45804,6
559,Г. Н. Пананов,М,1989,2021,Бухгалтерский отдел,Ректорат,45390,8
560,С. А. Ралев,М,2005,2020,Бухгалтерский отдел,Аспирант,45134,8
561,Д. Ю. Привольнев,М,1983,2015,Бухгалтерский отдел,Деканат,45486,8
562,М. Ф. Енчикова,Ж,1978,2010,Отдел маркетинга,Бухгалтер,45515,5
563,П. Н. Панчикин,М,1991,2006,Исследовательский отдел,Бухгалтер,45018,4
564,А. А. Шашнев,М,1995,2010,Исследовательский отдел,Ассистент,45226,4
565,Л. И. Чебатов,М,1981,2013,Научный отдел,Бухгалтер,45144,2
566,Э. Г. Свинтицкий,М,1999,2014,Обслуживающий персонал,Преподаватель,45196,6
567,П. Д. Арлозоров,М,1978,2010,Отдел кадров,Юрист,45447,9
568,А. Б. Камонина,Ж,1979,2011,Бухгалтерский отдел,Деканат,45822,8
569,А. А. Крапчин,М,1997,2012,Бухгалтерский отдел,Юрист,45398,8
570,А. Д. Ступецкий,М,1988,2020,Отдел кадров,Преподаватель,45287,9
571,И. Д. Лобков,М,1995,2010,Бухгалтерский отдел,Бухгалтер,45158,8
572,И. Э. Сеникова,Ж,2003,2018,Исследовательский отдел,Ректорат,45642,4
573,К. Т. Боляев,М,2002,2017,Технический отдел,Юрист,45097,3
574,В. Е. Духонкина,Ж,1985,2017,Обслуживающий персонал,Юрист,45692,6
575,А. П. Кольдерцов,М,1975,2007,Бухгалтерский отдел,Деканат,45206,8
576,Л. В. Будевкин,М,1976,2008,Административный отдел,Аспирант,45309,7
577,К. М. Путенина,Ж,1990,2005,Отдел кадров,Аспирант,45799,9
578,К. А. Траковская,Ж,1989,2021,Научный отдел,Преподаватель,45560,2
579,И. В. Бучичев,М,1983,2015,Обслуживающий персонал,Бухгалтер,45452,6
580,Б. П. Мищевский,М,1991,2006,Научный отдел,Преподаватель,45392,2
581,В. О. Кассина,Ж,1983,2015,Обслуживающий персонал,Юрист,45860,6
582,В. П. Калонин,М,1985,2017,Обслуживающий персонал,Аспирант,45148,6
583,А. С. Евграфьев,М,2000,2015,Отдел кадров,Деканат,45367,9
584,Т. В. Сисиакова,Ж,1976,2008,Технический отдел,Ректорат,45649,3
585,М. Л. Зайленков,М,1983,2015,Исследовательский отдел,Юрист,45146,4
586,Ю. В. Стрижкина,Ж,1977,2009,Научный отдел,Преподаватель,45616,2
587,И. И. Воронкин,М,1995,2010,Исследовательский отдел,Юрист,45090,4
588,К. В. Казилина,Ж,2005,2020,Бухгалтерский отдел,Ассистент,45814,8
589,Д. А. Самашкина,Ж,1977,2009,Исследовательский отдел,Ректорат,45922,4
590,А. А. Низковская,Ж,1975,2007,Бухгалтерский отдел,Бухгалтер,45886,8
591,И. М. Негородова,Ж,2002,2017,Административный отдел,Юрист,45573,7
592,Л. И. Лебецкая,Ж,2005,2020,Исследовательский отдел,Бухгалтер,45746,4
593,Ж. А. Евтюнина,Ж,1980,2012,Технический отдел,Преподаватель,45721,3
594,М. И. Беркутова,Ж,1979,2011,Обслуживающий персонал,Аспирант,45652,6
595,А. Н. Масмоков,М,1973,2005,Исследовательский отдел,Ассистент,45170,4
596,И. В. Абрецов,М,1993,2008,Исследовательский отдел,Юрист,45258,4
597,К. А. Цибакина,Ж,2000,2015,Отдел маркетинга,Деканат,45843,5
598,А. Е. Саловарова,Ж,1988,2020,Отдел кадров,Ректорат,45831,9
599,Е. М. Биньягуева,Ж,1974,2006,Отдел маркетинга,Бухгалтер,45851,5
600,Т. Б. Команева,Ж,2000,2015,Отдел кадров,Аспирант,45911,9
601,И. В. Анафриева,Ж,1982,2014,Отдел кадров,Преподаватель,45791,9
602,А. С. Варежкина,Ж,1999,2014,Исследовательский отдел,Ассистент,45842,4
603,М. О. Турлыкова,Ж,1983,2015,Бухгалтерский отдел,Ректорат,45894,8
604,Н. В. Шляева,Ж,2001,2016,Бухгалтерский отдел,Деканат,45878,8
605,К. Д. Авдашкова,Ж,2002,2017,Технический отдел,Аспирант,45505,3
606,В. Б. Холдобина,Ж,1993,2008,Научный отдел,Ассистент,45632,2
607,О. И. Асхатов,М,2006,2021,Административный отдел,Ассистент,45373,7
608,Г. В. Погадаев,М,1993,2008,Обслуживающий персонал,Юрист,45020,6
609,А. А. Шеянов,М,2003,2018,Бухгалтерский отдел,Бухгалтер,45438,8
610,К. И. Синдюкова,Ж,1978,2010,Отдел кадров,Ректорат,45719,9
611,В. О. Наберкина,Ж,1981,2013,Научный отдел,Юрист,45552,2
612,В. К. Шелепнева,Ж,1994,2009,Отдел маркетинга,Ассистент,45667,5
613,А. О. Добытеев,М,1988,2020,Технический отдел,Деканат,45185,3
614,А. А. Чивирикин,М,2001,2016,Научный отдел,Аспирант,45232,2
615,В. В. Агейкина,Ж,1992,2007,Отдел кадров,Преподаватель,45903,9
616,П. Ф. Опентанов,М,1988,2020,Отдел маркетинга,Ассистент,45219,5
617,Т. К. Шаболкин,М,2001,2016,Исследовательский отдел,Преподаватель,45266,4
618,Г. Д. Бреславцев,М,1980,2012,Административный отдел,Бухгалтер,45109,7
619,В. П. Нагулин,М,1982,2014,Технический отдел,Ассистент,45009,3
620,П. О. Ишяксова,Ж,2001,2016,Исследовательский отдел,Ректорат,45810,4
621,А. С. Паксяйкина,Ж,2000,2015,Технический отдел,Преподаватель,45945,3
622,А. Д. Потанцев,М,1980,2012,Технический отдел,Аспирант,45449,3
623,А. А. Богаров,М,2002,2017,Технический отдел,Ректорат,45369,3
624,В. В. Полубенина,Ж,1977,2009,Научный отдел,Юрист,45888,2
625,В. М. Марандин,М,1975,2007,Обслуживающий персонал,Преподаватель,45308,6
626,О. В. Еличева,Ж,1977,2009,Бухгалтерский отдел,Бухгалтер,45718,8
627,И. Д. Домонов,М,1992,2007,Технический отдел,Ректорат,45257,3
628,С. Ф. Негайкина,Ж,1984,2016,Технический отдел,Ассистент,45793,3
629,А. М. Моличева,Ж,1977,2009,Исследовательский отдел,Ассистент,45786,4
630,Э. О. Самончиков,М,1982,2014,Отдел кадров,Ректорат,45383,9
631,В. Л. Бургасов,М,1979,2011,Научный отдел,Ректорат,45040,2
632,А. Е. Разделкина,Ж,2005,2020,Бухгалтерский отдел,Деканат,45542,8
633,К. Э. Кашекина,Ж,1988,2020,Отдел кадров,Аспирант,45967,9
634,К. Д. Бондырев,М,1984,2016,Отдел маркетинга,Преподаватель,45147,5
635,А. Н. Ульзутуева,Ж,1976,2008,Отдел маркетинга,Аспирант,45547,5
636,Е. М. Апальшина,Ж,1977,2009,Обслуживающий персонал,Ассистент,45548,6
637,Ю. Д. Енотов,М,1994,2009,Технический отдел,Ректорат,45089,3
638,Л. Ф. Лихобабина,Ж,1990,2005,Отдел кадров,Ассистент,45527,9
639,Ю. Г. Маенков,М,2004,2019,Отдел кадров,Ассистент,45303,9
640,Е. Б. Шишленина,Ж,1976,2008,Технический отдел,Ассистент,45513,3
641,К. И. Чувикова,Ж,1981,2013,Научный отдел,Аспирант,45960,2
642,Г. Т. Сандецкий,М,1987,2019,Исследовательский отдел,Преподаватель,45490,4
643,П. В. Копыльцова,Ж,1990,2005,Отдел маркетинга,Юрист,45867,5
644,С. М. Михаенкова,Ж,1977,2009,Научный отдел,Деканат,45752,2
645,И. Д. Паровин,М,1992,2007,Административный отдел,Деканат,45325,7
646,Л. Б. Жункова,Ж,1991,2006,Исследовательский отдел,Бухгалтер,45970,4
647,А. Е. Кокнаев,М,2002,2017,Административный отдел,Преподаватель,45301,7
648,Г. Д. Бабашов,М,2002,2017,Отдел маркетинга,Ректорат,45131,5
649,Г. Ф. Шелов,М,2006,2021,Технический отдел,Аспирант,45169,3
650,Д. А. Понсов,М,1976,2008,Технический отдел,Деканат,45241,3
651,Я. П. Пуштаев,М,1983,2015,Обслуживающий персонал,Ассистент,45044,6
652,К. И. Боровицкая,Ж,1987,2019,Бухгалтерский отдел,Преподаватель,45966,8
653,С. О. Эссаулов,М,1980,2012,Отдел маркетинга,Бухгалтер,45347,5
654,О. Ф. Гнесина,Ж,1998,2013,Отдел кадров,Деканат,45535,9
655,Л. В. Смохтина,Ж,2002,2017,Технический отдел,Преподаватель,45777,3
656,А. М. Дшашитов,М,2004,2019,Отдел маркетинга,Преподаватель,45371,5
657,А. В. Коломеева,Ж,1980,2012,Административный отдел,Юрист,45517,7
658,К. В. Миначева,Ж,1992,2007,Отдел маркетинга,Ассистент,45835,5
659,Г. П. Нешев,М,1977,2009,Научный отдел,Бухгалтер,45480,2
660,Р. К. Жаровов,М,1998,2013,Технический отдел,Преподаватель,45161,3
661,В. Я. Охапкин,М,1992,2007,Отдел кадров,Деканат,45087,9
662,В. С. Маслятова,Ж,1989,2021,Обслуживающий персонал,Бухгалтер,45900,6
663,Г. Б. Шульдов,М,1991,2006,Научный отдел,Аспирант,45120,2
664,Б. М. Колганов,М,1984,2016,Отдел маркетинга,Бухгалтер,45011,5
665,В. И. Максимов,М,2006,2021,Технический отдел,Преподаватель,45441,3
666,В. О. Моргорский,М,1985,2017,Обслуживающий персонал,Преподаватель,45420,6
667,А. В. Дакилова,Ж,1985,2017,Исследовательский отдел,Юрист,45930,4
668,Н. Б. Апасов,М,2006,2021,Административный отдел,Деканат,45101,7
669,В. Е. Кирейшин,М,1994,2009,Административный отдел,Деканат,45157,7
670,Д. О. Щупалева,Ж,1974,2006,Технический отдел,Ректорат,45817,3
671,Р. Т. Сезонов,М,1992,2007,Отдел маркетинга,Преподаватель,45427,5
672,Е. А. Онегов,М,2005,2020,Исследовательский отдел,Деканат,45066,4
673,Н. Д. Платова,Ж,1973,2005,Научный отдел,Ректорат,45544,2
674,В. Я. Борухова,Ж,1996,2011,Отдел кадров,Ассистент,45975,9
675,Г. А. Живичин,М,1990,2005,Административный отдел,Бухгалтер,45221,7
676,А. В. Новрузова,Ж,1984,2016,Административный отдел,Бухгалтер,45725,7
677,Т. П. Суетенков,М,1987,2019,Научный отдел,Ассистент,45184,2
678,П. Б. Козикин,М,1977,2009,Научный отдел,Ассистент,45072,2
679,Р. В. Фанина,Ж,1974,2006,Административный отдел,Деканат,45885,7
680,С. Б. Скинова,Ж,1999,2014,Исследовательский отдел,Юрист,45706,4
681,Л. С. Гетова,Ж,1976,2008,Отдел кадров,Юрист,45615,9
682,С. А. Ковырев,М,1981,2013,Исследовательский отдел,Деканат,45178,4
683,В. Б. Гладцких,М,1996,2011,Отдел маркетинга,Деканат,45227,5
684,А. А. Итеркин,М,1994,2009,Технический отдел,Преподаватель,45497,3
685,И. И. Татарнова,Ж,2001,2016,Исследовательский отдел,Юрист,45538,4
686,Е. Э. Итеркина,Ж,1983,2015,Бухгалтерский отдел,Юрист,45622,8
687,В. В. Ирмияев,М,1998,2013,Технический отдел,Юрист,45433,3
688,С. Л. Иратова,Ж,1974,2006,Технический отдел,Аспирант,45953,3
689,Е. Н. Утушева,Ж,2005,2020,Обслуживающий персонал,Юрист,45916,6
690,И. Я. Фуркова,Ж,2006,2021,Административный отдел,Аспирант,45645,7
691,Е. К. Лакалина,Ж,1973,2005,Исследовательский отдел,Юрист,45986,4
692,Н. И. Котчетов,М,1988,2020,Административный отдел,Ректорат,45117,7
693,К. П. Тярина,Ж,2000,2015,Отдел маркетинга,Бухгалтер,45571,5
694,Я. В. Братыгин,М,1978,2010,Технический отдел,Деканат,45073,3
695,И. Н. Качнева,Ж,2003,2018,Исследовательский отдел,Бухгалтер,45914,4
696,Е. А. Стегайлова,Ж,1981,2013,Обслуживающий персонал,Бухгалтер,45620,6
697,А. Л. Бровеева,Ж,2005,2020,Научный отдел,Ректорат,45712,2
698,А. В. Карельских,М,1985,2017,Бухгалтерский отдел,Бухгалтер,45046,8
699,К. В. Камалиев,М,1985,2017,Научный отдел,Юрист,45216,2
700,Е. Е. Котловцева,Ж,1991,2006,Научный отдел,Ассистент,45800,2
701,В. Ю. Вязовиков,М,1975,2007,Обслуживающий персонал,Бухгалтер,45172,6
702,Е. Ф. Белединова,Ж,1979,2011,Исследовательский отдел,Ассистент,45618,4
703,О. М. Забабахин,М,2003,2018,Бухгалтерский отдел,Ректорат,45166,8
704,Я. А. Тончиев,М,2000,2015,Отдел маркетинга,Ассистент,45163,5
705,Н. Е. Барткова,Ж,2005,2020,Исследовательский отдел,Аспирант,45610,4
706,В. С. Кузлева,Ж,2005,2020,Бухгалтерский отдел,Юрист,45678,8
707,П. Н. Сокольских,Ж,1975,2007,Научный отдел,Бухгалтер,45648,2
708,Л. В. Полтинов,М,2004,2019,Отдел кадров,Юрист,45167,9
709,К. И. Цыбакина,Ж,1979,2011,Обслуживающий персонал,Бухгалтер,45788,6
710,К. М. Капралова,Ж,1976,2008,Отдел маркетинга,Преподаватель,45819,5
711,М. В. Зекрина,Ж,1975,2007,Научный отдел,Деканат,45920,2
712,М. А. Саврыгина,Ж,1993,2008,Исследовательский отдел,Бухгалтер,45802,4
713,Е. М. Кургузкина,Ж,1978,2010,Отдел кадров,Бухгалтер,45991,9
714,Л. Н. Караваева,Ж,1990,2005,Отдел кадров,Ректорат,45663,9
715,А. С. Таралова,Ж,1993,2008,Обслуживающий персонал,Юрист,45972,6
716,М. Л. Тирязева,Ж,1984,2016,Административный отдел,Преподаватель,45861,7
717,С. И. Фаязова,Ж,2006,2021,Административный отдел,Бухгалтер,45781,7
718,С. В. Тужарова,Ж,1996,2011,Административный отдел,Деканат,45941,7
719,А. Н. Худова,Ж,2004,2019,Административный отдел,Бухгалтер,45949,7
720,Я. М. Вольтов,М,1997,2012,Обслуживающий персонал,Преподаватель,45364,6
721,Е. Б. Загниткина,Ж,1975,2007,Исследовательский отдел,Деканат,45682,4
722,А. И. Триганов,М,1993,2008,Обслуживающий персонал,Ассистент,45156,6
723,Л. Ф. Мачичнева,Ж,2001,2016,Бухгалтерский отдел,Бухгалтер,45606,8
724,Л. А. Нахрапова,Ж,1986,2018,Отдел маркетинга,Аспирант,45659,5
725,Г. Н. Третин,М,1982,2014,Отдел маркетинга,Бухгалтер,45179,5
726,В. О. Тортов,М,1984,2016,Отдел кадров,Аспирант,45351,9
727,И. Ф. Абакумцев,М,1994,2009,Отдел маркетинга,Деканат,45395,5
728,Д. Р. Мотороева,Ж,1975,2007,Исследовательский отдел,Преподаватель,45546,4
729,В. В. Здобнухина,Ж,1988,2020,Административный отдел,Ассистент,45933,7
730,Л. А. Клеверкова,Ж,1979,2011,Бухгалтерский отдел,Юрист,45958,8
731,П. Л. Завражков,М,1999,2014,Исследовательский отдел,Бухгалтер,45298,4
732,А. Э. Мурчакова,Ж,1985,2017,Исследовательский отдел,Деканат,45794,4
733,Ю. А. Мошин,М,1990,2005,Административный отдел,Преподаватель,45357,7
734,В. Д. Думчев,М,1977,2009,Бухгалтерский отдел,Ректорат,45446,8
735,З. В. Первенцева,Ж,1976,2008,Административный отдел,Юрист,45853,7
736,В. А. Зушенский,М,2001,2016,Исследовательский отдел,Бухгалтер,45130,4
737,С. М. Снуриков,М,1991,2006,Бухгалтерский отдел,Аспирант,45358,8
738,В. В. Логецкая,Ж,1992,2007,Отдел маркетинга,Юрист,45699,5
739,А. Р. Тюванова,Ж,2004,2019,Административный отдел,Ректорат,45677,7
740,Е. Е. Елдышева,Ж,2003,2018,Научный отдел,Ассистент,45744,2
741,Т. Р. Жогов,М,1973,2005,Научный отдел,Деканат,45136,2
742,С. Ю. Малафеев,М,1979,2011,Бухгалтерский отдел,Аспирант,45414,8
743,К. А. Никалюкина,Ж,1990,2005,Административный отдел,Ректорат,45901,7
744,А. М. Хавешова,Ж,1977,2009,Исследовательский отдел,Деканат,45514,4
745,А. И. Укропов,М,1980,2012,Технический отдел,Юрист,45041,3
746,А. К. Бибиков,М,2004,2019,Отдел маркетинга,Бухгалтер,45235,5
747,Р. Д. Гадылов,М,1993,2008,Бухгалтерский отдел,Преподаватель,45462,8
748,К. Е. Воробков,М,2001,2016,Обслуживающий персонал,Юрист,45300,6
749,Е. М. Стаканова,Ж,1992,2007,Отдел маркетинга,Ректорат,45971,5
750,Т. В. Астриева,Ж,1973,2005,Обслуживающий персонал,Юрист,45748,6
751,Е. П. Хасанянова,Ж,1978,2010,Отдел кадров,Ассистент,45583,9
752,К. С. Ладейщиков,М,1973,2005,Научный отдел,Юрист,45272,2
753,Р. В. Батулова,Ж,1974,2006,Административный отдел,Бухгалтер,45613,7
754,В. Р. Мазжухин,М,1996,2011,Административный отдел,Ректорат,45397,7
755,А. Б. Тюваева,Ж,1976,2008,Отдел кадров,Ассистент,45751,9
756,А. Е. Хмельщиков,М,1982,2014,Административный отдел,Деканат,45213,7
757,Т. В. Дыханов,М,2004,2019,Отдел кадров,Ректорат,45439,9
758,А. Я. Короннова,Ж,1997,2012,Научный отдел,Аспирант,45568,2
759,Н. А. Вицкова,Ж,1990,2005,Отдел маркетинга,Преподаватель,45595,5
760,А. И. Маскова,Ж,2003,2018,Обслуживающий персонал,Аспирант,45540,6
761,Ж. Д. Вельяшева,Ж,1985,2017,Бухгалтерский отдел,Ректорат,45726,8
762,Д. Э. Катичева,Ж,1997,2012,Бухгалтерский отдел,Аспирант,45806,8
763,Б. А. Брянцев,М,2002,2017,Отдел кадров,Преподаватель,45063,9
764,Ю. П. Самсаева,Ж,1983,2015,Исследовательский отдел,Аспирант,45554,4
765,Т. Е. Горлева,Ж,1992,2007,Технический отдел,Преподаватель,45665,3
766,В. В. Третнева,Ж,2002,2017,Отдел кадров,Аспирант,45743,9
767,С. В. Аленникова,Ж,2003,2018,Обслуживающий персонал,Преподаватель,45812,6
768,К. П. Моргошина,Ж,1995,2010,Обслуживающий персонал,Преподаватель,45532,6
769,В. Ю. Фрадитов,М,1981,2013,Научный отдел,Преподаватель,45280,2
770,Б. Г. Марисин,М,1985,2017,Бухгалтерский отдел,Юрист,45454,8
771,В. В. Мирзабаев,М,1974,2006,Отдел маркетинга,Юрист,45307,5
772,С. А. Фролкин,М,1999,2014,Научный отдел,Ректорат,45264,2
773,Ю. А. Клунохина,Ж,1987,2019,Научный отдел,Бухгалтер,45592,2
774,И. Б. Чекусова,Ж,1993,2008,Обслуживающий персонал,Деканат,45836,6
775,К. Е. Сеплова,Ж,1988,2020,Отдел маркетинга,Деканат,45899,5
776,С. Ф. Берлина,Ж,1981,2013,Обслуживающий персонал,Деканат,45892,6
777,В. Л. Соломеева,Ж,1977,2009,Бухгалтерский отдел,Деканат,45990,8
778,В. Д. Мантулин,М,1975,2007,Обслуживающий персонал,Аспирант,45036,6
779,А. П. Фрейдлина,Ж,1997,2012,Бухгалтерский отдел,Бухгалтер,45942,8
780,Н. В. Питюшкина,Ж,1980,2012,Отдел кадров,Аспирант,45687,9
781,Н. В. Луценкова,Ж,1994,2009,Технический отдел,Ассистент,45905,3
782,С. Я. Хопова,Ж,2002,2017,Административный отдел,Ректорат,45845,7
783,А. М. Пулавская,Ж,1989,2021,Исследовательский отдел,Ректорат,45866,4
784,М. А. Цибанова,Ж,1990,2005,Административный отдел,Юрист,45629,7
785,Я. К. Курляев,М,1973,2005,Обслуживающий персонал,Ректорат,45068,6
786,К. Б. Пушнякова,Ж,2000,2015,Технический отдел,Бухгалтер,45809,3
787,Д. И. Наговский,М,1998,2013,Административный отдел,Ректорат,45229,7
788,В. Д. Нащенков,М,1996,2011,Отдел маркетинга,Юрист,45363,5
789,Б. Я. Трепыхалин,М,1989,2021,Обслуживающий персонал,Преподаватель,45084,6
790,Е. А. Морфидова,Ж,1993,2008,Исследовательский отдел,Преподаватель,45938,4
791,О. А. Макаршин,М,1995,2010,Бухгалтерский отдел,Деканат,45430,8
792,Р. В. Анцуткин,М,1987,2019,Исследовательский отдел,Ректорат,45082,4
793,П. Н. Когаев,М,1979,2011,Научный отдел,Бухгалтер,45312,2
794,К. Б. Наятова,Ж,1995,2010,Бухгалтерский отдел,Юрист,45566,8
795,З. О. Чекинева,Ж,1999,2014,Обслуживающий персонал,Ассистент,45604,6
796,Д. Д. Курчавин,М,1994,2009,Технический отдел,Бухгалтер,45361,3
797,С. В. Аврутова,Ж,2003,2018,Исследовательский отдел,Аспирант,45778,4
798,Г. А. Сипатрин,М,1992,2007,Отдел кадров,Ректорат,45495,9
799,С. Г. Ишевский,М,1974,2006,Отдел кадров,Аспирант,45239,9
800,Л. В. Варлачева,Ж,1993,2008,Научный отдел,Аспирант,45904,2
801,В. В. Храпцов,М,1976,2008,Технический отдел,Преподаватель,45105,3
802,М. С. Малеханова,Ж,1979,2011,Бухгалтерский отдел,Преподаватель,45686,8
803,В. М. Мончева,Ж,1981,2013,Бухгалтерский отдел,Юрист,45790,8
804,М. И. Маняков,М,1979,2011,Исследовательский отдел,Преподаватель,45210,4
805,П. П. Казиканов,М,1973,2005,Бухгалтерский отдел,Деканат,45374,8
806,А. В. Ягулов,М,1987,2019,Научный отдел,Юрист,45048,2
807,А. С. Ащин,М,1999,2014,Научный отдел,Аспирант,45400,2
808,А. Н. Сенлева,Ж,2004,2019,Отдел маркетинга,Ректорат,45915,5
809,В. Т. Хрупов,М,2003,2018,Научный отдел,Деканат,45472,2
810,О. В. Чернобаева,Ж,2001,2016,Научный отдел,Деканат,45640,2
811,С. Э. Гоманькова,Ж,1983,2015,Исследовательский отдел,Преподаватель,45826,4
812,В. Л. Корпунин,М,1978,2010,Административный отдел,Ректорат,45005,7
813,Л. Я. Чабанцова,Ж,1985,2017,Бухгалтерский отдел,Бухгалтер,45998,8
814,Д. Н. Блюскина,Ж,2006,2021,Отдел маркетинга,Аспирант,45883,5
815,А. А. Тумпаров,М,1996,2011,Административный отдел,Ассистент,45261,7
816,В. М. Сейтханов,М,1991,2006,Исследовательский отдел,Преподаватель,45154,4
817,С. П. Благоволин,М,2000,2015,Отдел маркетинга,Юрист,45027,5
818,С. А. Кодочегов,М,1984,2016,Отдел кадров,Бухгалтер,45487,9
819,Л. Р. Лютаева,Ж,1974,2006,Отдел кадров,Ассистент,45919,9
820,С. Д. Неземский,М,1997,2012,Исследовательский отдел,Бухгалтер,45466,4
821,В. А. Соловов,М,1998,2013,Технический отдел,Деканат,45297,3
822,И. И. Каталин,М,2001,2016,Обслуживающий персонал,Преподаватель,45028,6
823,А. И. Савинский,М,1991,2006,Научный отдел,Бухгалтер,45256,2
824,Г. В. Гричанин,М,1995,2010,Научный отдел,Ассистент,45464,2
825,В. П. Дыляева,Ж,1986,2018,Отдел маркетинга,Бухгалтер,45795,5
826,Э. А. Свеклов,М,1976,2008,Отдел маркетинга,Деканат,45003,5
827,Я. А. Мунтин,М,1988,2020,Отдел кадров,Бухгалтер,45151,9
828,К. Л. Драшлев,М,1988,2020,Технический отдел,Ассистент,45457,3
829,С. С. Желтикова,Ж,1988,2020,Отдел кадров,Юрист,45559,9
830,Ю. Р. Моталева,Ж,1984,2016,Отдел маркетинга,Ассистент,45555,5
831,С. В. Слезова,Ж,1988,2020,Административный отдел,Юрист,45797,7
832,Г. П. Челиченков,М,1974,2006,Административный отдел,Аспирант,45477,7
833,А. А. Аверкиев,М,1988,2020,Отдел маркетинга,Ректорат,45355,5
834,В. И. Брытков,М,2000,2015,Отдел маркетинга,Аспирант,45435,5
835,А. Н. Патрошкина,Ж,1996,2011,Технический отдел,Ассистент,45737,3
836,Н. Р. Табанкова,Ж,1987,2019,Исследовательский отдел,Ассистент,45898,4
837,Л. О. Озоренкова,Ж,1989,2021,Бухгалтерский отдел,Бухгалтер,45662,8
838,Г. Э. Чишринова,Ж,2003,2018,Обслуживающий персонал,Деканат,45948,6
839,А. В. Мачичнева,Ж,2005,2020,Исследовательский отдел,Преподаватель,45882,4
840,Р. Я. Верскаин,М,1980,2012,Отдел маркетинга,Ректорат,45075,5
841,Е. М. Кевшина,Ж,1996,2011,Административный отдел,Преподаватель,45805,7
842,М. Л. Наторова,Ж,1991,2006,Бухгалтерский отдел,Юрист,45902,8
843,В. Е. Ткачков,М,1986,2018,Технический отдел,Преподаватель,45217,3
844,Г. Д. Юдеев,М,1993,2008,Научный отдел,Юрист,45496,2
845,В. П. Золотушкин,М,1984,2016,Технический отдел,Бухгалтер,45249,3
846,А. Н. Нечинская,Ж,1998,2013,Технический отдел,Ректорат,45705,3
847,В. А. Хусин,М,1985,2017,Научный отдел,Деканат,45080,2
848,А. В. Мулюков,М,1992,2007,Отдел кадров,Ассистент,45359,9
849,Н. Б. Прислонова,Ж,1984,2016,Отдел кадров,Юрист,45895,9
850,С. В. Трубеева,Ж,1993,2008,Научный отдел,Ректорат,45768,2
851,А. Б. Щельцина,Ж,1992,2007,Отдел маркетинга,Деканат,45563,5
852,В. Л. Кауркова,Ж,2004,2019,Отдел маркетинга,Деканат,45507,5
853,И. С. Алышевский,М,1976,2008,Технический отдел,Юрист,45377,3
854,И. Э. Ордынкина,Ж,1981,2013,Бухгалтерский отдел,Деканат,45654,8
855,А. В. Пажельцев,М,2002,2017,Технический отдел,Ассистент,45233,3
856,В. В. Мазурин,М,1984,2016,Административный отдел,Ректорат,45453,7
857,В. К. Муромкин,М,1991,2006,Обслуживающий персонал,Юрист,45188,6
858,А. А. Подрязов,М,2004,2019,Отдел маркетинга,Аспирант,45099,5
859,Е. А. Артемева,Ж,1981,2013,Бухгалтерский отдел,Ассистент,45926,8
860,Л. И. Тютючкина,Ж,2005,2020,Обслуживающий персонал,Деканат,45780,6
861,И. Н. Узких,Ж,1986,2018,Технический отдел,Ректорат,45761,3
862,М. Ю. Кобков,М,2006,2021,Отдел маркетинга,Юрист,45475,5
863,К. К. Кобызев,М,1990,2005,Технический отдел,Деканат,45017,3
864,Г. А. Ухин,М,1979,2011,Бухгалтерский отдел,Ассистент,45142,8
865,А. В. Мыслевский,М,1983,2015,Научный отдел,Юрист,45384,2
866,В. К. Галонский,М,2003,2018,Исследовательский отдел,Юрист,45370,4
867,Я. Ю. Росицкий,М,2002,2017,Административный отдел,Деканат,45437,7
868,А. Н. Труова,Ж,2000,2015,Технический отдел,Аспирант,45673,3
869,Я. М. Квасихин,М,1989,2021,Исследовательский отдел,Преподаватель,45322,4
870,В. А. Ябекова,Ж,1973,2005,Научный отдел,Аспирант,45680,2
871,И. М. Ракутин,М,1997,2012,Бухгалтерский отдел,Деканат,45262,8
872,Р. Р. Челмодеева,Ж,1984,2016,Административный отдел,Аспирант,45589,7
873,Д. К. Шперова,Ж,2001,2016,Обслуживающий персонал,Аспирант,45708,6
874,А. Е. Адоевская,Ж,1976,2008,Технический отдел,Аспирант,45785,3
875,Д. В. Малюхов,М,1982,2014,Административный отдел,Преподаватель,45077,7
876,Л. Л. Балаевская,Ж,1995,2010,Научный отдел,Аспирант,45736,2
877,Р. М. Кирилинов,М,1999,2014,Бухгалтерский отдел,Ассистент,45366,8
878,Б. Р. Енушков,М,2002,2017,Отдел маркетинга,Аспирант,45267,5
879,З. М. Юдочкина,Ж,2001,2016,Бухгалтерский отдел,Преподаватель,45742,8
880,Г. И. Уголков,М,1980,2012,Отдел кадров,Деканат,45143,9
881,М. А. Подшихова,Ж,1993,2008,Бухгалтерский отдел,Юрист,45734,8
882,С. Н. Курныпова,Ж,1989,2021,Исследовательский отдел,Юрист,45594,4
883,С. Б. Покудова,Ж,1978,2010,Административный отдел,Ректорат,45957,7
884,Г. Ю. Кашурин,М,2003,2018,Научный отдел,Аспирант,45064,2
885,Ю. Д. Питалин,М,1996,2011,Отдел маркетинга,Преподаватель,45091,5
886,П. К. Эпинатьева,Ж,2002,2017,Отдел маркетинга,Ассистент,45947,5
887,Б. Д. Буслов,М,1985,2017,Обслуживающий персонал,Ректорат,45012,6
888,К. Д. Гаврикова,Ж,1995,2010,Исследовательский отдел,Бухгалтер,45634,4
889,Н. Б. Сакалкина,Ж,2002,2017,Отдел маркетинга,Деканат,45675,5
890,А. А. Музыков,М,2004,2019,Технический отдел,Бухгалтер,45473,3
891,Н. Б. Зиновьева,Ж,1986,2018,Административный отдел,Преподаватель,45693,7
892,Г. А. Пустобаев,М,1996,2011,Технический отдел,Деканат,45465,3
893,В. А. Бернев,М,1986,2018,Отдел кадров,Преподаватель,45455,9
894,В. Д. Глупаков,М,1991,2006,Бухгалтерский отдел,Ассистент,45086,8
895,К. Н. Сухтинова,Ж,1980,2012,Отдел кадров,Преподаватель,45959,9
896,К. В. Екшова,Ж,1986,2018,Технический отдел,Аспирант,45897,3
897,Р. Р. Пранцузова,Ж,1984,2016,Технический отдел,Ректорат,45929,3
898,А. И. Воложенин,М,1986,2018,Отдел кадров,Аспирант,45183,9
899,А. А. Хохловкин,М,2003,2018,Исследовательский отдел,Преподаватель,45098,4
900,В. Д. Чвиров,М,1974,2006,Технический отдел,Бухгалтер,45137,3
901,И. Я. Амилогов,М,1986,2018,Административный отдел,Ректорат,45285,7
902,А. И. Кислова,Ж,1976,2008,Административный отдел,Преподаватель,45581,7
903,Р. Е. Бедрдинова,Ж,1994,2009,Отдел кадров,Преподаватель,45735,9
904,Е. Л. Шелагунова,Ж,1991,2006,Обслуживающий персонал,Аспирант,45596,6
905,К. Н. Камянов,М,1975,2007,Научный отдел,Ассистент,45240,2
906,В. И. Клюкин,М,2002,2017,Административный отдел,Аспирант,45029,7
907,Л. В. Каримская,Ж,2003,2018,Бухгалтерский отдел,Преподаватель,45574,8
908,Л. М. Недуруева,Ж,1994,2009,Отдел маркетинга,Ректорат,45803,5
909,А. Б. Гемская,Ж,1986,2018,Отдел кадров,Ректорат,45999,9
910,И. П. Кульгицкая,Ж,1998,2013,Административный отдел,Преподаватель,45637,7
911,Н. В. Шкатулин,М,2004,2019,Административный отдел,Преподаватель,45133,7
912,В. П. Абалмазова,Ж,2004,2019,Технический отдел,Преподаватель,45609,3
913,А. Г. Летинский,М,2004,2019,Технический отдел,Ассистент,45065,3
914,К. В. Конторкина,Ж,1994,2009,Технический отдел,Юрист,45769,3
915,А. Э. Осьмеркина,Ж,2003,2018,Научный отдел,Юрист,45608,2
916,Н. Э. Вугина,Ж,1988,2020,Отдел маркетинга,Преподаватель,45763,5
917,А. Б. Ковиков,М,1991,2006,Обслуживающий персонал,Деканат,45052,6
918,С. М. Уйбикова,Ж,1985,2017,Научный отдел,Аспирант,45624,2
919,Т. А. Кушпилев,М,1988,2020,Административный отдел,Аспирант,45253,7
920,В. А. Кинареев,М,1985,2017,Бухгалтерский отдел,Преподаватель,45182,8
921,Я. П. Сорванов,М,2002,2017,Отдел кадров,Ассистент,45471,9
922,А. С. Суругин,М,2000,2015,Технический отдел,Деканат,45129,3
923,О. Б. Басулина,Ж,1973,2005,Обслуживающий персонал,Ассистент,45884,6
924,М. В. Юрухин,М,1990,2005,Отдел маркетинга,Ассистент,45051,5
925,О. Т. Заранкин,М,1998,2013,Отдел кадров,Бухгалтер,45263,9
926,К. В. Стафрина,Ж,1995,2010,Бухгалтерский отдел,Ассистент,45702,8
927,А. Я. Илиязова,Ж,1989,2021,Научный отдел,Юрист,45832,2
928,Г. А. Ишинкина,Ж,1993,2008,Обслуживающий персонал,Бухгалтер,45564,6
929,К. В. Батяев,М,1976,2008,Административный отдел,Ассистент,45037,7
930,Н. Е. Кацембина,Ж,1986,2018,Отдел маркетинга,Ректорат,45523,5
931,В. М. Ороховская,Ж,2000,2015,Административный отдел,Деканат,45605,7
932,Н. Б. Вайнова,Ж,1989,2021,Научный отдел,Деканат,45696,2
933,В. Е. Хосроев,М,1976,2008,Отдел кадров,Бухгалтер,45207,9
934,О. М. Музафарова,Ж,1992,2007,Технический отдел,Деканат,45801,3
935,С. В. Зятина,Ж,1982,2014,Технический отдел,Преподаватель,45553,3
936,З. Е. Триханова,Ж,2000,2015,Административный отдел,Ассистент,45877,7
937,А. Л. Малошицкий,М,1987,2019,Обслуживающий персонал,Преподаватель,45252,6
938,Н. Ф. Иванихина,Ж,2001,2016,Обслуживающий персонал,Ректорат,45572,6
939,Е. В. Замащикова,Ж,1983,2015,Научный отдел,Бухгалтер,45928,2
940,А. Н. Авечкина,Ж,1996,2011,Отдел кадров,Юрист,45839,9
941,Е. Д. Мандругина,Ж,1974,2006,Отдел кадров,Юрист,45783,9
942,К. В. Бойчикова,Ж,1987,2019,Исследовательский отдел,Деканат,45626,4
943,Я. Ф. Артецкий,М,1989,2021,Исследовательский отдел,Бухгалтер,45186,4
944,К. В. Алевохина,Ж,1998,2013,Административный отдел,Бухгалтер,45501,7
945,А. К. Камагорова,Ж,1991,2006,Бухгалтерский отдел,Деканат,45766,8
946,К. А. Расхочиков,М,1994,2009,Отдел кадров,Юрист,45055,9
947,К. О. Пащарин,М,1994,2009,Отдел маркетинга,Преподаватель,45259,5
948,С. В. Ванчукова,Ж,1989,2021,Бухгалтерский отдел,Аспирант,45526,8
949,С. А. Финаев,М,1993,2008,Обслуживающий персонал,Ректорат,45292,6
950,Р. Ю. Бизлин,М,1998,2013,Административный отдел,Аспирант,45365,7
951,В. Б. Заботкин,М,2004,2019,Технический отдел,Аспирант,45337,3
952,В. Н. Маршикина,Ж,1999,2014,Обслуживающий персонал,Аспирант,45876,6
953,Е. И. Рапацкая,Ж,1986,2018,Административный отдел,Деканат,45829,7
954,А. А. Победушкин,М,1985,2017,Исследовательский отдел,Аспирант,45386,4
955,С. Е. Лунарев,М,1993,2008,Обслуживающий персонал,Аспирант,45428,6
956,В. Д. Шлинский,М,2003,2018,Обслуживающий персонал,Ректорат,45404,6
957,В. Н. Халабин,М,1973,2005,Обслуживающий персонал,Преподаватель,45476,6
958,П. А. Синапенов,М,1991,2006,Исследовательский отдел,Деканат,45290,4
959,Р. А. Шеймов,М,1998,2013,Отдел маркетинга,Юрист,45195,5
960,С. Я. Бархатнова,Ж,1978,2010,Административный отдел,Юрист,45685,7
961,А. П. Губонина,Ж,1988,2020,Отдел маркетинга,Бухгалтер,45627,5
962,В. А. Юдайчев,М,1973,2005,Научный отдел,Преподаватель,45000,2
963,В. Б. Масхудова,Ж,1984,2016,Технический отдел,Юрист,45657,3
964,А. К. Саськова,Ж,1979,2011,Бухгалтерский отдел,Бухгалтер,45550,8
965,В. А. Сыроелов,М,2000,2015,Отдел кадров,Бухгалтер,45095,9
966,В. В. Широбордин,М,1986,2018,Отдел кадров,Бухгалтер,45319,9
967,Л. Б. Бакрылова,Ж,1997,2012,Обслуживающий персонал,Юрист,45636,6
968,С. Б. Прудчикова,Ж,1975,2007,Научный отдел,Преподаватель,45784,2
969,А. Б. Найденищев,М,1977,2009,Обслуживающий персонал,Бухгалтер,45004,6
970,Я. В. Тарабашин,М,2006,2021,Отдел маркетинга,Преподаватель,45203,5
971,Н. Ф. Басихина,Ж,1975,2007,Обслуживающий персонал,Ассистент,45716,6
972,А. Я. Катюкова,Ж,1999,2014,Научный отдел,Деканат,45808,2
973,К. А. Халезова,Ж,1979,2011,Научный отдел,Деканат,45584,2
974,Т. В. Абляев,М,1992,2007,Административный отдел,Юрист,45461,7
975,К. А. Зельникова,Ж,1983,2015,Обслуживающий персонал,Ассистент,45996,6
976,Р. В. Глищинская,Ж,1985,2017,Обслуживающий персонал,Ассистент,45828,6
977,И. А. Злоцовский,М,1984,2016,Технический отдел,Аспирант,45113,3
978,К. Е. Жамнова,Ж,1984,2016,Технический отдел,Деканат,45521,3
979,Д. Е. Шушина,Ж,1989,2021,Бухгалтерский отдел,Преподаватель,45798,8
980,Д. В. Чарочкин,М,1983,2015,Исследовательский отдел,Деканат,45010,4
981,П. И. Кабалов,М,1997,2012,Научный отдел,Деканат,45024,2
982,Г. К. Букашов,М,2005,2020,Исследовательский отдел,Ассистент,45338,4
983,С. П. Митяшев,М,1976,2008,Отдел кадров,Преподаватель,45343,9
984,В. А. Воротов,М,1975,2007,Исследовательский отдел,Ректорат,45138,4
985,А. В. Фиклистов,М,1982,2014,Отдел маркетинга,Деканат,45451,5
986,Л. Э. Бубновская,Ж,1997,2012,Обслуживающий персонал,Деканат,45500,6
987,В. А. Проданов,М,2000,2015,Отдел кадров,Преподаватель,45231,9
988,П. М. Маскова,Ж,1991,2006,Научный отдел,Ректорат,45936,2
989,Д. Я. Жежелева,Ж,1991,2006,Бухгалтерский отдел,Преподаватель,45630,8
990,Э. П. Бачкарев,М,1977,2009,Научный отдел,Ректорат,45208,2
991,В. Э. Кевдина,Ж,1991,2006,Обслуживающий персонал,Бухгалтер,45732,6
992,К. В. Машуров,М,2002,2017,Административный отдел,Бухгалтер,45165,7
993,Т. П. Лелеков,М,1985,2017,Исследовательский отдел,Ассистент,45114,4
994,Э. А. Сикирин,М,1992,2007,Отдел кадров,Юрист,45223,9
995,Н. Я. Левухина,Ж,1995,2010,Обслуживающий персонал,Ассистент,45940,6
996,М. А. Биктяков,М,2005,2020,Бухгалтерский отдел,Преподаватель,45406,8
997,П. Б. Жисмин,М,1994,2009,Административный отдел,Преподаватель,45021,7
998,В. В. Гимаздинов,М,1990,2005,Административный отдел,Деканат,45493,7
999,Т. В. Цуникова,Ж,2006,2021,Отдел кадров,Деканат,45815,9
1000,С. О. Межиева,Ж,1987,2019,Научный отдел,Преподаватель,45728,2
